evidence,Clinical
hypertrophy,Clinical
syndrome,Clinical
reference,Clinical
symptom,Clinical
reflect,Clinical
hospitalize,Clinical
hormone,Clinical
hormonal,Clinical
comprehensive,Clinical
history,Clinical
histology,Clinical
histological,Clinical
histologic,Clinical
condition,Clinical
conduct,Clinical
region,Clinical
confirm,Clinical
surgery,Clinical
higher,Clinical
hemorrhagic,Clinical
hemorrhage,Clinical
suffer,Clinical
health,Clinical
hand,Clinical
consumption,Clinical
guideline,Clinical
group,Clinical
contrast,Clinical
contribute,Clinical
community,Clinical
recurrent,Clinical
combination,Clinical
recruit,Clinical
laboratory,Clinical
tomography,Clinical
carcinogen,Clinical
protection,Clinical
kinase,Clinical
together,Clinical
june,Clinical
cardiovascular,Clinical
japan,Clinical
interview,Clinical
international,Clinical
thus,Clinical
interestingly,Clinical
centre,Clinical
substantially,Clinical
insight,Clinical
race,Clinical
chain,Clinical
change,Clinical
characteristic,Clinical
sign,Clinical
therapeutic,Clinical
chf,Clinical
indication,Clinical
cholesterol,Clinical
chronic,Clinical
test,Clinical
increased,Clinical
take,Clinical
receptor,Clinical
questionnaire,Clinical
reinfarction,Clinical
good,Clinical
subject,Clinical
expose,Clinical
exist,Clinical
diagnostic,Clinical
diastolic,Clinical
patient,Clinical
differ,Clinical
difference,Clinical
source,Clinical
event,Clinical
differs,Clinical
separate,Clinical
series,Clinical
establish,Clinical
smoking,Clinical
developed,Clinical
discharge,Clinical
serum,Clinical
several,Clinical
severe,Clinical
display,Clinical
environmental,Clinical
slightly,Clinical
document,Clinical
size,Clinical
site,Clinical
dyslipidemia,Clinical
early,Clinical
elucidate,Clinical
shortterm,Clinical
elevated,Clinical
smoker,Clinical
cancer,Clinical
role,Clinical
extent,Clinical
correlate,Clinical
stsegment,Clinical
corresponding,Clinical
relatively,Clinical
relevant,Clinical
remain,Clinical
stress,Clinical
criterion,Clinical
genderspecific,Clinical
genderrelated,Clinical
report,Clinical
functional,Clinical
fully,Clinical
database,Clinical
standardized,Clinical
frequency,Clinical
fraction,Clinical
followup,Clinical
flow,Clinical
decreased,Clinical
stelevation,Clinical
fibrillation,Clinical
few,Clinical
demographic,Clinical
rest,Clinical
result,Clinical
feature,Clinical
dependent,Clinical
statistical,Clinical
fatigue,Clinical
day,Clinical
largely,Clinical
effort,Clinical
angiotensin,Clinical
appropriate,Clinical
metabolism,Clinical
presentation,Clinical
admit,Clinical
men,Clinical
unit,Clinical
mediate,Clinical
measurement,Clinical
measure,Clinical
aspect,Clinical
play,Clinical
may,Clinical
assay,Clinical
assess,Clinical
match,Clinical
allcause,Clinical
associate,Clinical
atherosclerosis,Clinical
atrial,Clinical
marker,Clinical
adjusted,Clinical
adult,Clinical
method,Clinical
present,Clinical
unknown,Clinical
nih,Clinical
newly,Clinical
positive,Clinical
vivo,Clinical
possibly,Clinical
necessary,Clinical
multivariate,Clinical
agematched,Clinical
nstemi,Clinical
volume,Clinical
plasma,Clinical
angiographic,Clinical
predictive,Clinical
later,Clinical
value,Clinical
moreover,Clinical
morbidity,Clinical
monitor,Clinical
predominantly,Clinical
advanced,Clinical
advance,Clinical
unstable,Clinical
obesity,Clinical
prevalent,Clinical
platelet,Clinical
adenocarcinoma,Clinical
p00001,Clinical
act,Clinical
percutaneous,Clinical
begin,Clinical
perception,Clinical
worldwide,Clinical
pain,Clinical
management,Clinical
lipoprotein,Clinical
black,Clinical
percent,Clinical
peak,Clinical
limited,Clinical
limit,Clinical
project,Clinical
length,Clinical
left,Clinical
leave,Clinical
pci,Clinical
activation,Clinical
low,Clinical
nonsmall,Clinical
lower,Clinical
majority,Clinical
phenotype,Clinical
underlie,Clinical
awareness,Clinical
addition,Clinical
outcomes,Clinical
activator,Clinical
onset,Clinical
european,Epidemiology
population,Epidemiology
often,Epidemiology
resident,Epidemiology
select,Epidemiology
north,Epidemiology
eliminate,Epidemiology
examination,Epidemiology
respond,Epidemiology
odds,Epidemiology
physical,Epidemiology
observed,Epidemiology
nonsmoker,Epidemiology
nonsmoking,Epidemiology
follow,Epidemiology
following,Epidemiology
occupational,Epidemiology
pattern,Epidemiology
populationbased,Epidemiology
emerge,Epidemiology
end,Epidemiology
example,Epidemiology
exposure,Epidemiology
objective,Epidemiology
experience,Epidemiology
epidemic,Epidemiology
expect,Epidemiology
entire,Epidemiology
risk,Epidemiology
reveal,Epidemiology
family,Epidemiology
percentage,Epidemiology
retrospectively,Epidemiology
parameter,Epidemiology
sexrelated,Epidemiology
sexual,Epidemiology
partially,Epidemiology
ethnic,Epidemiology
polymorphism,Epidemiology
emergency,Epidemiology
participant,Epidemiology
number,Epidemiology
factor,Epidemiology
lack,Epidemiology
nonfatal,Epidemiology
lose,Epidemiology
information,Epidemiology
racial,Epidemiology
raise,Epidemiology
problem,Epidemiology
main,Epidemiology
prior,Epidemiology
rankin,Epidemiology
rapid,Epidemiology
increase,Epidemiology
rather,Epidemiology
incident,Epidemiology
incidence,Epidemiology
recently,Epidemiology
make,Epidemiology
longterm,Epidemiology
previous,Epidemiology
procedure,Epidemiology
location,Epidemiology
proportion,Epidemiology
least,Epidemiology
less,Epidemiology
japanese,Epidemiology
lipid,Epidemiology
public,Epidemiology
pÃŒÃ‚,Epidemiology
invasive,Epidemiology
intracerebral,Epidemiology
profile,Epidemiology
production,Epidemiology
interest,Epidemiology
question,Epidemiology
local,Epidemiology
intake,Epidemiology
longer,Epidemiology
nonsmallcell,Epidemiology
immunohistochemistry,Epidemiology
identification,Epidemiology
related,Epidemiology
mostly,Epidemiology
relation,Epidemiology
much,Epidemiology
multicenter,Epidemiology
multivariable,Epidemiology
remodeling,Epidemiology
general,Epidemiology
renal,Epidemiology
negative,Epidemiology
new,Epidemiology
represent,Epidemiology
functioning,Epidemiology
frequently,Epidemiology
frequent,Epidemiology
modify,Epidemiology
marked,Epidemiology
half,Epidemiology
prescribe,Epidemiology
hypothesis,Epidemiology
hypertensive,Epidemiology
mass,Epidemiology
referral,Epidemiology
hospitalization,Epidemiology
hospitalbased,Epidemiology
home,Epidemiology
median,Epidemiology
highrisk,Epidemiology
regardless,Epidemiology
mental,Epidemiology
high,Epidemiology
hemodynamic,Epidemiology
heavy,Epidemiology
register,Epidemiology
modified,Epidemiology
induce,Epidemiology
july,Epidemiology
ventricular,Epidemiology
cvd,Epidemiology
anterior,Epidemiology
communitybased,Epidemiology
commonly,Epidemiology
still,Epidemiology
data,Epidemiology
date,Epidemiology
annual,Epidemiology
tumor,Epidemiology
decade,Epidemiology
stenosis,Epidemiology
TRUE,Epidemiology
comorbidities,Epidemiology
blocker,Epidemiology
andor,Epidemiology
analyze,Epidemiology
define,Epidemiology
delay,Epidemiology
american,Epidemiology
breast,Epidemiology
depressive,Epidemiology
author,Epidemiology
cohort,Epidemiology
vessel,Epidemiology
vital,Epidemiology
alcohol,Epidemiology
variable,Epidemiology
state,Epidemiology
current,Epidemiology
swedish,Epidemiology
consecutive,Epidemiology
background,Epidemiology
consider,Epidemiology
bad,Epidemiology
attenuate,Epidemiology
attention,Epidemiology
baseline,Epidemiology
underlying,Epidemiology
subtypes,Epidemiology
subtype,Epidemiology
comprise,Epidemiology
susceptibility,Epidemiology
symptomatic,Epidemiology
arterial,Epidemiology
component,Epidemiology
behavioral,Epidemiology
correspond,Epidemiology
arrhythmia,Epidemiology
area,Epidemiology
strong,Epidemiology
stroke,Epidemiology
critical,Epidemiology
crosssectional,Epidemiology
central,Epidemiology
compared,Epidemiology
betablockers,Epidemiology
contributor,Epidemiology
agent,Epidemiology
suppress,Epidemiology
cad,Epidemiology
duration,Epidemiology
class,Epidemiology
differential,Epidemiology
tobacco,Epidemiology
socioeconomic,Epidemiology
access,Epidemiology
difficulty,Epidemiology
white,Epidemiology
casecontrol,Epidemiology
acid,Epidemiology
chinese,Epidemiology
disease,Epidemiology
active,Epidemiology
case,Epidemiology
smoke,Epidemiology
characterize,Epidemiology
carry,Epidemiology
action,Epidemiology
chd,Epidemiology
distribution,Epidemiology
determine,Epidemiology
abstract,Epidemiology
yet,Epidemiology
western,Epidemiology
diabetic,Epidemiology
education,Epidemiology
classify,Epidemiology
carcinoma,Epidemiology
single,Epidemiology
echocardiographic,Epidemiology
diabetes,Epidemiology
dysfunction,Epidemiology
administrative,Epidemiology
center,Epidemiology
weight,Epidemiology
admission,Epidemiology
temporal,Epidemiology
time,Management
probability,Management
thrombolytic,Management
quantitative,Management
beneficial,Management
intervention,Management
loss,Management
catheterization,Management
category,Management
behavior,Management
process,Management
logistic,Management
psychosocial,Management
investigation,Management
calcium,Management
bypass,Management
traditional,Management
prospective,Management
large,Management
canada,Management
candidate,Management
transient,Management
body,Management
treat,Management
likelihood,Management
likely,Management
cardiac,Management
treatment,Management
progression,Management
killip,Management
key,Management
york,Management
care,Management
carotid,Management
january,Management
ischemic,Management
tumour,Management
benefit,Management
significantly,Management
prescription,Management
attribute,Management
acute,Management
additionally,Management
address,Management
physician,Management
occlusion,Management
whereas,Management
opportunity,Management
plasminogen,Management
warrant,Management
nursing,Management
nurse,Management
age,Management
november,Management
ageadjusted,Management
week,Management
note,Management
optimal,Management
person,Management
abnormal,Management
absence,Management
pectoris,Management
peptide,Management
particular,Management
absolute,Management
personyears,Management
part,Management
packyears,Management
woman,Management
p001,Management
perform,Management
performance,Management
overall,Management
accord,Management
northern,Management
aggressive,Management
aim,Management
apparent,Management
approximately,Management
metabolic,Management
preserved,Management
medication,Management
medicare,Management
minute,Management
medical,Management
ascertain,Management
mean,Management
assessment,Management
attack,Management
attributable,Management
preventive,Management
unique,Management
model,Management
moderate,Management
validate,Management
versus,Management
vascular,Management
analyse,Management
nearly,Management
natural,Management
natriuretic,Management
analysis,Management
practice,Management
predict,Management
angiography,Management
angioplasty,Management
animal,Management
predictor,Management
antagonist,Management
prehospital,Management
available,Management
intensive,Management
cerebral,Management
insurance,Management
stay,Management
degree,Management
responsible,Management
finding,Management
respectively,Management
firstever,Management
decrease,Management
respect,Management
decision,Management
daily,Management
strategy,Management
stratification,Management
gap,Management
replacement,Management
genderdependent,Management
cumulative,Management
stratify,Management
congestive,Management
support,Management
help,Management
regional,Management
consistent,Management
registry,Management
female,Management
consistently,Management
grow,Management
continue,Management
rehabilitation,Management
goal,Management
coronary,Management
relationship,Management
habit,Management
status,Management
derive,Management
revascularization,Management
directly,Management
service,Management
epidemiology,Management
disparity,Management
epidemiologic,Management
divide,Management
dimorphic,Management
sexbased,Management
endpoint,Management
drug,Management
emphasize,Management
echocardiography,Management
show,Management
effectiveness,Management
dose,Management
confounders,Management
sensitive,Management
evidencebased,Management
describe,Management
statistic,Management
statin,Management
fact,Management
start,Management
standard,Management
even,Management
screen,Management
see,Management
exercise,Management
exclude,Management
excess,Management
diagnosis,Management
evident,Management
secondary,Management
confidence,Management
country,Management
pathway,Management
randomize,Management
icd,Management
include,Management
chemotherapy,Management
identify,Management
individual,Management
reduction,Management
combined,Management
indicator,Management
systolic,Management
randomly,Management
collect,Management
index,Management
recovery,Management
range,Management
tertiary,Management
classification,Management
record,Management
implication,Management
importance,Management
target,Management
receive,Management
reason,Management
chart,Management
hypothesize,Management
clinic,Management
inhibition,Management
institute,Management
cessation,Management
initiate,Management
complication,Management
initial,Management
human,Management
complex,Management
complete,Management
inhospital,Management
sweden,Management
inhibitor,Management
regard,Management
hour,Management
shock,Outcomes
therefore,Outcomes
short,Outcomes
similarly,Outcomes
thrombolysis,Outcomes
stable,Outcomes
rate,Outcomes
sexually,Outcomes
whole,Outcomes
poor,Outcomes
scale,Outcomes
yield,Outcomes
stage,Outcomes
purpose,Outcomes
prospectively,Outcomes
sample,Outcomes
tend,Outcomes
wall,Outcomes
provide,Outcomes
period,Outcomes
randomized,Outcomes
sociodemographic,Outcomes
quality,Outcomes
selfreported,Outcomes
phase,Outcomes
year,Outcomes
specifically,Outcomes
set,Outcomes
whether,Outcomes
social,Outcomes
personal,Outcomes
severity,Outcomes
squamous,Outcomes
persist,Outcomes
seek,Outcomes
pulmonary,Outcomes
small,Outcomes
sensitivity,Outcomes
survey,Outcomes
right,Outcomes
univariate,Outcomes
similar,Outcomes
strongly,Outcomes
united,Outcomes
relative,Outcomes
prognosis,Outcomes
preserve,Outcomes
subsequent,Outcomes
relate,Outcomes
produce,Outcomes
pressure,Outcomes
underwent,Outcomes
regression,Outcomes
understanding,Outcomes
prevalence,Outcomes
success,Outcomes
prevention,Outcomes
survivor,Outcomes
type,Outcomes
survive,Outcomes
primarily,Outcomes
unadjusted,Outcomes
survival,Outcomes
procedural,Outcomes
surveillance,Outcomes
university,Outcomes
ratio,Outcomes
presence,Outcomes
prognostic,Outcomes
total,Outcomes
proportional,Outcomes
retrospective,Outcomes
vary,Outcomes
various,Outcomes
undergo,Outcomes
statistically,Outcomes
variety,Outcomes
post,Outcomes
postmenopausal,Outcomes
poststroke,Outcomes
potential,Outcomes
propensity,Outcomes
potentially,Outcomes
pronounced,Outcomes
proliferation,Outcomes
stemi,Outcomes
resection,Outcomes
stent,Outcomes
require,Outcomes
refer,Outcomes
system,Outcomes
use,Outcomes
program,Outcomes
reperfusion,Outcomes
trend,Outcomes
possible,Outcomes
ability,Outcomes
comorbidity,Outcomes
contain,Outcomes
impaired,Outcomes
imaging,Outcomes
illness,Outcomes
iii,Outcomes
hypertension,Outcomes
hundred,Outcomes
correlation,Outcomes
consequence,Outcomes
hospital,Outcomes
highlight,Outcomes
covariates,Outcomes
cox,Outcomes
crude,Outcomes
death,Outcomes
december,Outcomes
grade,Outcomes
deficit,Outcomes
highly,Outcomes
global,Outcomes
consecutively,Outcomes
conflict,Outcomes
certain,Outcomes
ischaemic,Outcomes
involve,Outcomes
investigate,Outcomes
clear,Outcomes
combine,Outcomes
common,Outcomes
inpatient,Outcomes
confound,Outcomes
comparable,Outcomes
infarction,Outcomes
composite,Outcomes
indicate,Outcomes
independently,Outcomes
compute,Outcomes
conclusion,Outcomes
inclusion,Outcomes
improvement,Outcomes
comparison,Outcomes
cerebrovascular,Outcomes
give,Outcomes
demonstrate,Outcomes
diuretic,Outcomes
domain,Outcomes
express,Outcomes
explore,Outcomes
effect,Outcomes
explain,Outcomes
ejection,Outcomes
examine,Outcomes
disability,Outcomes
elderly,Outcomes
evaluate,Outcomes
etiology,Outcomes
elevation,Outcomes
eligible,Outcomes
emotional,Outcomes
equivalent,Outcomes
equally,Outcomes
emphasis,Outcomes
evaluation,Outcomes
germany,Outcomes
differently,Outcomes
different,Outcomes
department,Outcomes
generate,Outcomes
generally,Outcomes
depression,Outcomes
descriptive,Outcomes
gender,Outcomes
future,Outcomes
design,Outcomes
failure,Outcomes
detection,Outcomes
develop,Outcomes
diagnose,Outcomes
diameter,Outcomes
find,Outcomes
die,Outcomes
females,Outcomes
february,Outcomes
fatality,Outcomes
determinant,Outcomes
kaplanmeier,Outcomes
enrol,Outcomes
month,Outcomes
others,Outcomes
antiplatelet,Outcomes
modulate,Outcomes
outcome,Outcomes
min,Outcomes
anxiety,Outcomes
mortality,Outcomes
outpatient,Outcomes
mellitus,Outcomes
meet,Outcomes
appear,Outcomes
markedly,Outcomes
march,Outcomes
obtain,Outcomes
middle,Outcomes
arrival,Outcomes
angiotensinconverting,Outcomes
order,Outcomes
advantage,Outcomes
observational,Outcomes
adverse,Outcomes
occurrence,Outcomes
allow,Outcomes
old,Outcomes
angina,Outcomes
alone,Outcomes
adjustment,Outcomes
need,Outcomes
nationwide,Outcomes
national,Outcomes
ami,Outcomes
adjust,Outcomes
neurological,Outcomes
artery,Outcomes
april,Outcomes
little,Outcomes
beta,Outcomes
link,Outcomes
bleed,Outcomes
blood,Outcomes
lifestyle,Outcomes
abnormality,Outcomes
life,Outcomes
brain,Outcomes
lesion,Outcomes
burden,Outcomes
late,Outcomes
last,Outcomes
calculate,Outcomes
cardiogenic,Outcomes
know,Outcomes
live,Outcomes
past,Outcomes
obstructive,Outcomes
living,Outcomes
p002,Outcomes
p005,Outcomes
average,Outcomes
paper,Outcomes
account,Outcomes
achieve,Outcomes
mainly,Outcomes
participate,Outcomes
magnitude,Outcomes
longitudinal,Outcomes
long,Outcomes
significant,Pathophysiology
adherence,Pathophysiology
due,Pathophysiology
elevate,Pathophysiology
ace,Pathophysiology
significance,Pathophysiology
dimorphism,Pathophysiology
activity,Pathophysiology
endothelial,Pathophysiology
administration,Pathophysiology
wildtype,Pathophysiology
dna,Pathophysiology
signal,Pathophysiology
tissue,Pathophysiology
specific,Pathophysiology
testosterone,Pathophysiology
enhance,Pathophysiology
concentration,Pathophysiology
conclude,Pathophysiology
twice,Pathophysiology
suggest,Pathophysiology
unclear,Pathophysiology
sudden,Pathophysiology
consist,Pathophysiology
association,Pathophysiology
contemporary,Pathophysiology
aspirin,Pathophysiology
control,Pathophysiology
south,Pathophysiology
study,Pathophysiology
apoptosis,Pathophysiology
cytochrome,Pathophysiology
damage,Pathophysiology
utilization,Pathophysiology
cell,Pathophysiology
variant,Pathophysiology
depend,Pathophysiology
variation,Pathophysiology
alter,Pathophysiology
detect,Pathophysiology
almost,Pathophysiology
allele,Pathophysiology
vitro,Pathophysiology
apply,Pathophysiology
pathological,Pathophysiology
estrogen,Pathophysiology
enzyme,Pathophysiology
protein,Pathophysiology
issue,Pathophysiology
ischemia,Pathophysiology
interval,Pathophysiology
sex,Pathophysiology
infarct,Pathophysiology
independent,Pathophysiology
protect,Pathophysiology
rat,Pathophysiology
impact,Pathophysiology
reduce,Pathophysiology
heart,Pathophysiology
healthy,Pathophysiology
great,Pathophysiology
glucose,Pathophysiology
genotype,Pathophysiology
improved,Pathophysiology
remodel,Pathophysiology
level,Pathophysiology
previously,Pathophysiology
pathogenesis,Pathophysiology
p0001,Pathophysiology
peripheral,Pathophysiology
oral,Pathophysiology
occur,Pathophysiology
observe,Pathophysiology
nsclc,Pathophysiology
male,Pathophysiology
novel,Pathophysiology
mutation,Pathophysiology
mrna,Pathophysiology
mouse,Pathophysiology
minor,Pathophysiology
middleaged,Pathophysiology
malignant,Pathophysiology
malefemale,Pathophysiology
postmi,Pathophysiology
gene,Pathophysiology
interaction,Pathophysiology
young,Pathophysiology
reverse,Pathophysiology
expression,Pathophysiology
first,Pathophysiology
estradiol,Pathophysiology
fail,Pathophysiology
response,Pathophysiology
exhibit,Pathophysiology
formation,Pathophysiology
extract,Pathophysiology
experimental,Pathophysiology
function,Pathophysiology
efficacy,Review
metaanalysis,Review
article,Review
prevent,Review
approach,Review
many,Review
effective,Review
score,Review
useful,Review
mechanism,Review
underrepresented,Review
understand,Review
primary,Review
base,Review
major,Review
basis,Review
become,Review
lung,Review
literature,Review
bias,Review
biological,Review
trial,Review
linear,Review
bleeding,Review
line,Review
safety,Review
search,Review
multiple,Review
second,Review
epidemiological,Review
ac,Review
partly,Review
people,Review
world,Review
work,Review
particularly,Review
sexspecific,Review
overload,Review
additional,Review
equal,Review
setting,Review
option,Review
well,Review
administer,Review
especially,Review
estimate,Review
point,Review
affect,Review
agespecific,Review
observation,Review
pathophysiology,Review
normal,Review
neuroprotective,Review
also,Review
seem,Review
alteration,Review
myocardial,Review
variability,Review
molecular,Review
lead,Review
genderbased,Review
capacity,Review
favorable,Review
improve,Review
summary,Review
summarize,Review
recent,Review
important,Review
implantable,Review
recognize,Review
impairment,Review
finally,Review
contribution,Review
substantial,Review
controversial,Review
subgroup,Review
reach,Review
reduced,Review
counterpart,Review
course,Review
focus,Review
hazard,Review
currently,Review
growth,Review
regulate,Review
steroid,Review
development,Review
graft,Review
decline,Review
form,Review
genetic,Review
research,Review
however,Review
knowledge,Review
surgical,Review
fatal,Review
rise,Review
furthermore,Review
protective,Review
cause,Review
disorder,Review
cellular,Review
discuss,Review
therapy,Review
chest,Review
publish,Review
cigarette,Review
clarify,Review
term,Review
intravenous,Review
inconsistent,Review
clearly,Review
clinical,Review
clinically,Review
smokingrelated,Review
systematic,Review
direct,Review
comorbid,Review
injury,Review
influence,Review
compare,Review
inflammatory,Review
susceptible,Review
review,Review
increasingly,Review
concern,Review
technique,Review
cardiomyopathy,Review